-- 영화 데이터
INSERT INTO movie (movie_id, title, release_date, running_time, rating, genre, synopsis, director, cast)
VALUES
    (1, '괴물', '2022-01-20', '120분', '15세 관람가', '드라마', '한강에서 괴물이 나타나고...', '봉준호', '송강호, 이선균, 배두나'),
    (2, '도어락', '2023-05-10', '110분', '15세 관람가', '스릴러', '도어락을 열고 들어간 남자들...', '이권', '공유, 박희순, 조우진'),
    (3, '더블패티', '2023-11-30', '105분', '12세 관람가', '코미디', '사고난 이후 서로 다른 세계로...', '박서준', '박서준, 강하늘, 신민아'),
    (4, '러브, 로지', '2023-08-25', '130분', '전체 관람가', '로맨스', '서로를 위해 희생하는 사랑 이야기...', '김태윤', '김태리, 박보검, 조우진'),
    (5, '위플래쉬', '2022-04-15', '105분', '15세 관람가', '드라마', '천재 음악가를 위한 선생님과의 격돌...', '데미안 셔젤', '마일즈 텔러, J.K. 시몬스');

-- 상영 정보 데이터
INSERT INTO screening (screening_id, movie_id, screening_date, start_time, end_time, theater_id)
VALUES
    (1, 1, '2024-02-16', '14:00:00', '16:00:00', 1),
    (2, 1, '2024-02-16', '16:30:00', '18:30:00', 2),
    (3, 2, '2024-02-16', '15:00:00', '17:00:00', 3),
    (4, 2, '2024-02-16', '18:00:00', '20:00:00', 4),
    (5, 3, '2024-02-17', '13:00:00', '15:00:00', 1),
    (6, 3, '2024-02-17', '15:30:00', '17:30:00', 2),
    (7, 4, '2024-02-17', '16:00:00', '18:00:00', 3),
    (8, 4, '2024-02-17', '19:00:00', '21:00:00', 4),
    (9, 5, '2024-02-18', '14:30:00', '16:30:00', 1),
    (10, 5, '2024-02-18', '17:00:00', '19:00:00', 2);

-- 영화관 데이터
INSERT INTO cinema (cinema_id, name, location, phone)
VALUES
    (1, '롯데시네마 강남점', '서울특별시 강남구 역삼동', '02-1234-5678'),
    (2, 'CGV 신촌점', '서울특별시 서대문구 창천동', '02-9876-5432'),
    (3, '메가박스 홍대점', '서울특별시 마포구 서교동', '02-1111-2222'),
    (4, 'CGV 명동점', '서울특별시 중구 명동', '02-3333-4444'),
    (5, '롯데시네마 종로점', '서울특별시 종로구 인사동', '02-5555-6666');

-- 상영관 정보 데이터
INSERT INTO theater (theater_id, cinema_id, theater_no, theater_type)
VALUES
    (1, 1, 1, '2D'),
    (2, 1, 2, '3D'),
    (3, 2, 1, '2D'),
    (4, 2, 2, '4D'),
    (5, 3, 1, '3D'),
    (6, 3, 2, '2D'),
    (7, 4, 1, '2D'),
    (8, 4, 2, '3D'),
    (9, 5, 1, '2D'),
    (10, 5, 2, '3D');

-- 좌석 정보 데이터
INSERT INTO seat (seat_id, theater_id, seat_row, seat_col)
VALUES
    -- Theater 1
    (1, 1, 'A', 1),
    (2, 1, 'A', 2),
    (3, 1, 'A', 3),
    (4, 1, 'B', 1),
    (5, 1, 'B', 2),
    (6, 1, 'B', 3),
    (7, 1, 'C', 1),
    (8, 1, 'C', 2),
    (9, 1, 'C', 3),
    -- Theater 2
    (10, 2, 'A', 1),
    (11, 2, 'A', 2),
    (12, 2, 'A', 3),
    (13, 2, 'B', 1),
    (14, 2, 'B', 2),
    (15, 2, 'B', 3),
    (16, 2, 'C', 1),
    (17, 2, 'C', 2),
    (18, 2, 'C', 3),
    -- Theater 3
    (19, 3, 'A', 1),
    (20, 3, 'A', 2),
    (21, 3, 'A', 3),
    (22, 3, 'B', 1),
    (23, 3, 'B', 2),
    (24, 3, 'B', 3),
    (25, 3, 'C', 1),
    (26, 3, 'C', 2),
    (27, 3, 'C', 3),
    -- Theater 4
    (28, 4, 'A', 1),
    (29, 4, 'A', 2),
    (30, 4, 'A', 3),
    (31, 4, 'B', 1),
    (32, 4, 'B', 2),
    (33, 4, 'B', 3),
    (34, 4, 'C', 1),
    (35, 4, 'C', 2),
    (36, 4, 'C', 3),
    -- Theater 5
    (37, 5, 'A', 1),
    (38, 5, 'A', 2),
    (39, 5, 'A', 3),
    (40, 5, 'B', 1),
    (41, 5, 'B', 2),
    (42, 5, 'B', 3),
    (43, 5, 'C', 1),
    (44, 5, 'C', 2),
    (45, 5, 'C', 3);


-- 회원 정보 데이터
INSERT INTO member (email, password, name, birth, join_date)
VALUES
    ('member1@example.com', 'password1', '홍길동', '1990-05-15', '2023-01-10'),
    ('member2@example.com', 'password2', '김철수', '1985-10-20', '2023-02-05'),
    ('member3@example.com', 'password3', '이영희', '1998-03-25', '2023-03-20'),
    ('member4@example.com', 'password4', '박영수', '1976-12-12', '2023-04-15'),
    ('member5@example.com', 'password5', '정미영', '2000-08-08', '2023-05-01');

-- 예약 정보 데이터
INSERT INTO reservation (reservation_id, email, adult, teenager, child, screening_id)
VALUES
    (1, 'member1@example.com', 2, 1, 0, 1),
    (2, 'member2@example.com', 2, 2, 1, 2),
    (3, 'member3@example.com', 3, 0, 0, 3),
    (4, 'member4@example.com', 1, 1, 1, 4),
    (5, 'member5@example.com', 2, 1, 0, 5);

-- 결제 정보 데이터
INSERT INTO payment (payment_id, reservation_id, payment_date, payment_method, amount)
VALUES
    (1, 1, '2024-02-15', '신용카드', 35000),
    (2, 2, '2024-02-15', '현금', 28000),
    (3, 3, '2024-02-15', '계좌이체', 19500),
    (4, 4, '2024-02-15', '신용카드', 21000),
    (5, 5, '2024-02-15', '현금', 28000);

-- 리뷰 정보 데이터
INSERT INTO review (email, movie_id, review_date, rating, content)
VALUES
    ('member1@example.com', 1, '2024-02-14', 4.5, '괴물은 정말 대박이다!'),
    ('member2@example.com', 2, '2024-02-14', 3.0, '도어락이 조금 지루했어요.'),
    ('member3@example.com', 3, '2024-02-14', 4.0, '더블패티는 웃음 포인트가 많아요.'),
    ('member4@example.com', 4, '2024-02-14', 4.5, '러브, 로지의 배우들 연기력이 좋아요.'),
    ('member5@example.com', 5, '2024-02-14', 5.0, '위플래쉬는 정말 멋진 영화에요.');
